{
    "other": {
        "accuracies": {
            "exact_match_accuracy": 0.056968463886063074,
            "semantic_similarity_accuracy": 0.06083418107833164
        },
        "count": 4915
    },
    "yes/no": {
        "accuracies": {
            "exact_match_accuracy": 0.38789942378208486,
            "semantic_similarity_accuracy": 0.45495023572551074
        },
        "count": 3818
    },
    "number": {
        "accuracies": {
            "exact_match_accuracy": 0.31412786108918705,
            "semantic_similarity_accuracy": 0.42699289660615625
        },
        "count": 1267
    },
    "overall": {
        "weighted_exact_match_accuracy": 0.2159,
        "weighted_semantic_accuracy": 0.2577
    }
}