{
    "other": {
        "accuracies": {
            "exact_match_accuracy": 0.21586978636826043,
            "semantic_similarity_accuracy": 0.25534079348931843
        },
        "count": 4915
    },
    "yes/no": {
        "accuracies": {
            "exact_match_accuracy": 0.7427972760607648,
            "semantic_similarity_accuracy": 0.8970665269774751
        },
        "count": 3818
    },
    "number": {
        "accuracies": {
            "exact_match_accuracy": 0.31254932912391475,
            "semantic_similarity_accuracy": 0.4175217048145225
        },
        "count": 1267
    },
    "overall": {
        "weighted_exact_match_accuracy": 0.4293,
        "weighted_semantic_accuracy": 0.5209
    }
}