{
    "other": {
        "accuracies": {
            "exact_match_accuracy": 0.0323499491353001,
            "semantic_similarity_accuracy": 0.056968463886063074
        },
        "count": 4915
    },
    "yes/no": {
        "accuracies": {
            "exact_match_accuracy": 0.22053431115767416,
            "semantic_similarity_accuracy": 0.28679937139863804
        },
        "count": 3818
    },
    "number": {
        "accuracies": {
            "exact_match_accuracy": 0.06077348066298342,
            "semantic_similarity_accuracy": 0.287292817679558
        },
        "count": 1267
    },
    "overall": {
        "weighted_exact_match_accuracy": 0.1078,
        "weighted_semantic_accuracy": 0.1739
    }
}