{
    "other": {
        "accuracies": {
            "exact_match_accuracy": 0.34384537131230924,
            "semantic_similarity_accuracy": 0.4085452695829095
        },
        "count": 4915
    },
    "yes/no": {
        "accuracies": {
            "exact_match_accuracy": 0.6155055002619172,
            "semantic_similarity_accuracy": 0.7671555788370875
        },
        "count": 3818
    },
    "number": {
        "accuracies": {
            "exact_match_accuracy": 0.39621152328334647,
            "semantic_similarity_accuracy": 0.7813733228097869
        },
        "count": 1267
    },
    "overall": {
        "weighted_exact_match_accuracy": 0.4542,
        "weighted_semantic_accuracy": 0.5927
    }
}