{
    "other": {
        "accuracies": {
            "exact_match_accuracy": 0.019148936170212766,
            "semantic_similarity_accuracy": 0.02127659574468085
        },
        "count": 470
    },
    "yes/no": {
        "accuracies": {
            "exact_match_accuracy": 0.01015228426395939,
            "semantic_similarity_accuracy": 0.01015228426395939
        },
        "count": 394
    },
    "number": {
        "accuracies": {
            "exact_match_accuracy": 0.5367647058823529,
            "semantic_similarity_accuracy": 0.6397058823529411
        },
        "count": 136
    },
    "overall": {
        "weighted_exact_match_accuracy": 0.086,
        "weighted_semantic_accuracy": 0.101
    }
}