{
    "other": {
        "accuracies": {
            "exact_match_accuracy": 0.1148936170212766,
            "semantic_similarity_accuracy": 0.14680851063829786
        },
        "count": 470
    },
    "yes/no": {
        "accuracies": {
            "exact_match_accuracy": 0.7284263959390863,
            "semantic_similarity_accuracy": 0.8654822335025381
        },
        "count": 394
    },
    "number": {
        "accuracies": {
            "exact_match_accuracy": 0.5073529411764706,
            "semantic_similarity_accuracy": 0.8235294117647058
        },
        "count": 136
    },
    "overall": {
        "weighted_exact_match_accuracy": 0.41,
        "weighted_semantic_accuracy": 0.522
    }
}