{
    "other": {
        "accuracies": {
            "exact_match_accuracy": 0.19574468085106383,
            "semantic_similarity_accuracy": 0.2531914893617021
        },
        "count": 470
    },
    "yes/no": {
        "accuracies": {
            "exact_match_accuracy": 0.5939086294416244,
            "semantic_similarity_accuracy": 0.7309644670050761
        },
        "count": 394
    },
    "number": {
        "accuracies": {
            "exact_match_accuracy": 0.47058823529411764,
            "semantic_similarity_accuracy": 0.8382352941176471
        },
        "count": 136
    },
    "overall": {
        "weighted_exact_match_accuracy": 0.39,
        "weighted_semantic_accuracy": 0.521
    }
}