{
    "other": {
        "accuracies": {
            "exact_match_accuracy": 0.1829787234042553,
            "semantic_similarity_accuracy": 0.2170212765957447
        },
        "count": 470
    },
    "yes/no": {
        "accuracies": {
            "exact_match_accuracy": 0.4593908629441624,
            "semantic_similarity_accuracy": 0.5634517766497462
        },
        "count": 394
    },
    "number": {
        "accuracies": {
            "exact_match_accuracy": 0.5220588235294118,
            "semantic_similarity_accuracy": 0.8235294117647058
        },
        "count": 136
    },
    "overall": {
        "weighted_exact_match_accuracy": 0.338,
        "weighted_semantic_accuracy": 0.436
    }
}