{
    "other": {
        "accuracies": {
            "exact_match_accuracy": 0.15106382978723404,
            "semantic_similarity_accuracy": 0.19148936170212766
        },
        "count": 470
    },
    "yes/no": {
        "accuracies": {
            "exact_match_accuracy": 0.31725888324873097,
            "semantic_similarity_accuracy": 0.3756345177664975
        },
        "count": 394
    },
    "number": {
        "accuracies": {
            "exact_match_accuracy": 0.47058823529411764,
            "semantic_similarity_accuracy": 0.8382352941176471
        },
        "count": 136
    },
    "overall": {
        "weighted_exact_match_accuracy": 0.26,
        "weighted_semantic_accuracy": 0.352
    }
}