{
    "other": {
        "accuracies": {
            "exact_match_accuracy": 0.13829787234042554,
            "semantic_similarity_accuracy": 0.17872340425531916
        },
        "count": 470
    },
    "yes/no": {
        "accuracies": {
            "exact_match_accuracy": 0.3020304568527919,
            "semantic_similarity_accuracy": 0.38578680203045684
        },
        "count": 394
    },
    "number": {
        "accuracies": {
            "exact_match_accuracy": 0.4632352941176471,
            "semantic_similarity_accuracy": 0.8382352941176471
        },
        "count": 136
    },
    "overall": {
        "weighted_exact_match_accuracy": 0.247,
        "weighted_semantic_accuracy": 0.35
    }
}