{
    "other": {
        "accuracies": {
            "exact_match_accuracy": 0.16595744680851063,
            "semantic_similarity_accuracy": 0.2297872340425532
        },
        "count": 470
    },
    "yes/no": {
        "accuracies": {
            "exact_match_accuracy": 0.7182741116751269,
            "semantic_similarity_accuracy": 0.9035532994923858
        },
        "count": 394
    },
    "number": {
        "accuracies": {
            "exact_match_accuracy": 0.5441176470588235,
            "semantic_similarity_accuracy": 0.8529411764705882
        },
        "count": 136
    },
    "overall": {
        "weighted_exact_match_accuracy": 0.435,
        "weighted_semantic_accuracy": 0.58
    }
}