{
    "other": {
        "accuracies": {
            "exact_match_accuracy": 0.1702127659574468,
            "semantic_similarity_accuracy": 0.20638297872340425
        },
        "count": 470
    },
    "yes/no": {
        "accuracies": {
            "exact_match_accuracy": 0.38578680203045684,
            "semantic_similarity_accuracy": 0.4746192893401015
        },
        "count": 394
    },
    "number": {
        "accuracies": {
            "exact_match_accuracy": 0.5220588235294118,
            "semantic_similarity_accuracy": 0.8382352941176471
        },
        "count": 136
    },
    "overall": {
        "weighted_exact_match_accuracy": 0.303,
        "weighted_semantic_accuracy": 0.398
    }
}