{
    "other": {
        "accuracies": {
            "exact_match_accuracy": 0.3947100712105799,
            "semantic_similarity_accuracy": 0.48382502543234995
        },
        "count": 4915
    },
    "yes/no": {
        "accuracies": {
            "exact_match_accuracy": 0.7949188056574122,
            "semantic_similarity_accuracy": 0.9800942902042954
        },
        "count": 3818
    },
    "number": {
        "accuracies": {
            "exact_match_accuracy": 0.4230465666929755,
            "semantic_similarity_accuracy": 0.7490134175217048
        },
        "count": 1267
    },
    "overall": {
        "weighted_exact_match_accuracy": 0.5511,
        "weighted_semantic_accuracy": 0.7069
    }
}